country,food_category,consumption,co2_emmission,category
Argentina,Pork,10.51,37.2,Animal Products
Argentina,Poultry,38.66,41.53,Animal Products
Argentina,Beef,55.48,1712.0,Animal Products
Argentina,Lamb & Goat,1.56,54.63,Animal Products
Argentina,Fish,4.359999999999999,6.96,Animal Products
Argentina,Eggs,11.39,10.46,Animal Products
Argentina,Milk - inc. cheese,195.08,277.87,Animal Products
Argentina,Wheat and Wheat Products,103.11,19.66,Non-Animal Products
Argentina,Rice,8.77,11.22,Non-Animal Products
Argentina,Soybeans,0.0,0.0,Non-Animal Products
Argentina,Nuts inc. Peanut Butter,0.49,0.8700000000000001,Non-Animal Products
Australia,Pork,24.14,85.44000000000001,Animal Products
Australia,Poultry,46.120000000000005,49.54,Animal Products
Australia,Beef,33.86,1044.85,Animal Products
Australia,Lamb & Goat,9.87,345.65000000000003,Animal Products
Australia,Fish,17.69,28.25,Animal Products
Australia,Eggs,8.51,7.819999999999999,Animal Products
Australia,Milk - inc. cheese,234.49,334.01,Animal Products
Australia,Wheat and Wheat Products,70.46000000000001,13.44,Non-Animal Products
Australia,Rice,11.03,14.12,Non-Animal Products
Australia,Soybeans,0.19,0.09,Non-Animal Products
Australia,Nuts inc. Peanut Butter,8.729999999999999,15.45,Non-Animal Products
Albania,Pork,10.88,38.51,Animal Products
Albania,Poultry,13.23,14.21,Animal Products
Albania,Beef,22.5,694.3,Animal Products
Albania,Lamb & Goat,15.32,536.5,Animal Products
Albania,Fish,3.85,6.15,Animal Products
Albania,Eggs,12.45,11.44,Animal Products
Albania,Milk - inc. cheese,303.72,432.62,Animal Products
Albania,Wheat and Wheat Products,138.64,26.44,Non-Animal Products
Albania,Rice,7.78,9.96,Non-Animal Products
Albania,Soybeans,0.0,0.0,Non-Animal Products
Albania,Nuts inc. Peanut Butter,4.359999999999999,7.72,Non-Animal Products
Iceland,Pork,21.69,76.77,Animal Products
Iceland,Poultry,26.87,28.86,Animal Products
Iceland,Beef,13.36,412.26,Animal Products
Iceland,Lamb & Goat,21.12,739.62,Animal Products
Iceland,Fish,74.41000000000001,118.81,Animal Products
Iceland,Eggs,8.239999999999998,7.57,Animal Products
Iceland,Milk - inc. cheese,225.82,321.66,Animal Products
Iceland,Wheat and Wheat Products,72.92,13.91,Non-Animal Products
Iceland,Rice,3.89,4.98,Non-Animal Products
Iceland,Soybeans,0.11,0.05,Non-Animal Products
Iceland,Nuts inc. Peanut Butter,3.88,6.87,Non-Animal Products
New Zealand,Pork,22.29,78.9,Animal Products
New Zealand,Poultry,34.98,37.58,Animal Products
New Zealand,Beef,22.49,693.99,Animal Products
New Zealand,Lamb & Goat,18.91,662.23,Animal Products
New Zealand,Fish,20.36,32.51,Animal Products
New Zealand,Eggs,9.91,9.1,Animal Products
New Zealand,Milk - inc. cheese,137.25,195.5,Animal Products
New Zealand,Wheat and Wheat Products,76.91000000000001,14.67,Non-Animal Products
New Zealand,Rice,9.16,11.72,Non-Animal Products
New Zealand,Soybeans,0.44,0.2,Non-Animal Products
New Zealand,Nuts inc. Peanut Butter,8.219999999999999,14.55,Non-Animal Products
United States of America,Pork,27.64,97.83,Animal Products
United States of America,Poultry,50.01,53.720000000000006,Animal Products
United States of America,Beef,36.24,1118.29,Animal Products
United States of America,Lamb & Goat,0.43,15.06,Animal Products
United States of America,Fish,12.35,19.72,Animal Products
United States of America,Eggs,14.58,13.39,Animal Products
United States of America,Milk - inc. cheese,254.69,362.78,Animal Products
United States of America,Wheat and Wheat Products,80.43,15.34,Non-Animal Products
United States of America,Rice,6.88,8.8,Non-Animal Products
United States of America,Soybeans,0.04,0.02,Non-Animal Products
United States of America,Nuts inc. Peanut Butter,7.859999999999999,13.91,Non-Animal Products
Uruguay,Pork,16.84,59.61,Animal Products
Uruguay,Poultry,27.45,29.49,Animal Products
Uruguay,Beef,29.1,897.9599999999999,Animal Products
Uruguay,Lamb & Goat,8.229999999999999,288.21,Animal Products
Uruguay,Fish,6.53,10.43,Animal Products
Uruguay,Eggs,13.14,12.07,Animal Products
Uruguay,Milk - inc. cheese,210.54,299.89,Animal Products
Uruguay,Wheat and Wheat Products,109.31,20.85,Non-Animal Products
Uruguay,Rice,11.5,14.72,Non-Animal Products
Uruguay,Soybeans,0.01,0.0,Non-Animal Products
Uruguay,Nuts inc. Peanut Butter,0.95,1.6800000000000002,Non-Animal Products
Luxembourg,Pork,43.58,154.25,Animal Products
Luxembourg,Poultry,21.37,22.96,Animal Products
Luxembourg,Beef,29.88,922.03,Animal Products
Luxembourg,Lamb & Goat,1.6700000000000002,58.48,Animal Products
Luxembourg,Fish,23.09,36.87,Animal Products
Luxembourg,Eggs,14.64,13.45,Animal Products
Luxembourg,Milk - inc. cheese,255.3,363.65,Animal Products
Luxembourg,Wheat and Wheat Products,103.2,19.68,Non-Animal Products
Luxembourg,Rice,4.2,5.37,Non-Animal Products
Luxembourg,Soybeans,0.04,0.02,Non-Animal Products
Luxembourg,Nuts inc. Peanut Butter,0.93,1.65,Non-Animal Products
Brazil,Pork,12.6,44.6,Animal Products
Brazil,Poultry,45.0,48.34,Animal Products
Brazil,Beef,39.25,1211.1699999999998,Animal Products
Brazil,Lamb & Goat,0.62,21.71,Animal Products
Brazil,Fish,10.01,15.98,Animal Products
Brazil,Eggs,8.98,8.25,Animal Products
Brazil,Milk - inc. cheese,149.28,212.63,Animal Products
Brazil,Wheat and Wheat Products,53.0,10.11,Non-Animal Products
Brazil,Rice,32.13,41.120000000000005,Non-Animal Products
Brazil,Soybeans,3.62,1.63,Non-Animal Products
Brazil,Nuts inc. Peanut Butter,0.6699999999999999,1.1900000000000002,Non-Animal Products
Kazakhstan,Pork,10.36,36.67,Animal Products
Kazakhstan,Poultry,18.38,19.74,Animal Products
Kazakhstan,Beef,23.38,721.4599999999999,Animal Products
Kazakhstan,Lamb & Goat,9.56,334.79,Animal Products
Kazakhstan,Fish,5.21,8.32,Animal Products
Kazakhstan,Eggs,8.29,7.619999999999999,Animal Products
Kazakhstan,Milk - inc. cheese,288.12,410.4,Animal Products
Kazakhstan,Wheat and Wheat Products,92.31,17.6,Non-Animal Products
Kazakhstan,Rice,7.319999999999999,9.37,Non-Animal Products
Kazakhstan,Soybeans,0.03,0.01,Non-Animal Products
Kazakhstan,Nuts inc. Peanut Butter,5.14,9.1,Non-Animal Products
Sweden,Pork,37.0,130.96,Animal Products
Sweden,Poultry,16.64,17.87,Animal Products
Sweden,Beef,24.58,758.49,Animal Products
Sweden,Lamb & Goat,1.41,49.38,Animal Products
Sweden,Fish,23.86,38.1,Animal Products
Sweden,Eggs,13.37,12.28,Animal Products
Sweden,Milk - inc. cheese,341.23,486.05,Animal Products
Sweden,Wheat and Wheat Products,79.59,15.18,Non-Animal Products
Sweden,Rice,5.96,7.63,Non-Animal Products
Sweden,Soybeans,0.13,0.06,Non-Animal Products
Sweden,Nuts inc. Peanut Butter,6.23,11.03,Non-Animal Products
Bermuda,Pork,28.24,99.96,Animal Products
Bermuda,Poultry,32.620000000000005,35.04,Animal Products
Bermuda,Beef,33.15,1022.94,Animal Products
Bermuda,Lamb & Goat,2.71,94.9,Animal Products
Bermuda,Fish,33.220000000000006,53.04,Animal Products
Bermuda,Eggs,14.92,13.71,Animal Products
Bermuda,Milk - inc. cheese,95.56,136.12,Animal Products
Bermuda,Wheat and Wheat Products,54.88,10.47,Non-Animal Products
Bermuda,Rice,5.38,6.88,Non-Animal Products
Bermuda,Soybeans,0.22,0.1,Non-Animal Products
Bermuda,Nuts inc. Peanut Butter,5.72,10.12,Non-Animal Products
Denmark,Pork,24.87,88.03,Animal Products
Denmark,Poultry,26.75,28.73,Animal Products
Denmark,Beef,28.46,878.22,Animal Products
Denmark,Lamb & Goat,0.92,32.220000000000006,Animal Products
Denmark,Fish,16.49,26.33,Animal Products
Denmark,Eggs,15.35,14.1,Animal Products
Denmark,Milk - inc. cheese,277.3,394.99,Animal Products
Denmark,Wheat and Wheat Products,98.0,18.69,Non-Animal Products
Denmark,Rice,4.96,6.35,Non-Animal Products
Denmark,Soybeans,0.03,0.01,Non-Animal Products
Denmark,Nuts inc. Peanut Butter,5.94,10.51,Non-Animal Products
Finland,Pork,36.14,127.92,Animal Products
Finland,Poultry,19.87,21.34,Animal Products
Finland,Beef,19.22,593.09,Animal Products
Finland,Lamb & Goat,0.53,18.56,Animal Products
Finland,Fish,33.8,53.97,Animal Products
Finland,Eggs,9.55,8.77,Animal Products
Finland,Milk - inc. cheese,430.76,613.57,Animal Products
Finland,Wheat and Wheat Products,81.99000000000001,15.64,Non-Animal Products
Finland,Rice,4.42,5.659999999999999,Non-Animal Products
Finland,Soybeans,0.08,0.04,Non-Animal Products
Finland,Nuts inc. Peanut Butter,3.43,6.07,Non-Animal Products
Ireland,Pork,32.4,114.68,Animal Products
Ireland,Poultry,26.26,28.21,Animal Products
Ireland,Beef,22.35,689.6700000000001,Animal Products
Ireland,Lamb & Goat,4.1,143.58,Animal Products
Ireland,Fish,17.39,27.77,Animal Products
Ireland,Eggs,8.96,8.229999999999999,Animal Products
Ireland,Milk - inc. cheese,291.86,415.73,Animal Products
Ireland,Wheat and Wheat Products,107.98,20.59,Non-Animal Products
Ireland,Rice,3.0,3.84,Non-Animal Products
Ireland,Soybeans,0.25,0.11,Non-Animal Products
Ireland,Nuts inc. Peanut Butter,4.1,7.26,Non-Animal Products
Greece,Pork,28.31,100.2,Animal Products
Greece,Poultry,15.739999999999998,16.91,Animal Products
Greece,Beef,16.1,496.81,Animal Products
Greece,Lamb & Goat,12.47,436.7,Animal Products
Greece,Fish,14.42,23.02,Animal Products
Greece,Eggs,10.13,9.31,Animal Products
Greece,Milk - inc. cheese,255.26,363.59,Animal Products
Greece,Wheat and Wheat Products,124.04,23.65,Non-Animal Products
Greece,Rice,6.64,8.5,Non-Animal Products
Greece,Soybeans,0.02,0.01,Non-Animal Products
Greece,Nuts inc. Peanut Butter,10.5,18.59,Non-Animal Products
France,Pork,33.05,116.98,Animal Products
France,Poultry,22.93,24.630000000000003,Animal Products
France,Beef,23.81,734.73,Animal Products
France,Lamb & Goat,3.28,114.87,Animal Products
France,Fish,22.91,36.58,Animal Products
France,Eggs,13.13,12.06,Animal Products
France,Milk - inc. cheese,241.31,343.72,Animal Products
France,Wheat and Wheat Products,108.43,20.68,Non-Animal Products
France,Rice,4.88,6.24,Non-Animal Products
France,Soybeans,0.05,0.02,Non-Animal Products
France,Nuts inc. Peanut Butter,5.39,9.54,Non-Animal Products
Canada,Pork,22.81,80.74000000000001,Animal Products
Canada,Poultry,36.68,39.4,Animal Products
Canada,Beef,30.25,933.45,Animal Products
Canada,Lamb & Goat,0.97,33.97,Animal Products
Canada,Fish,14.56,23.25,Animal Products
Canada,Eggs,12.95,11.9,Animal Products
Canada,Milk - inc. cheese,187.77,267.46,Animal Products
Canada,Wheat and Wheat Products,84.96000000000001,16.2,Non-Animal Products
Canada,Rice,12.65,16.19,Non-Animal Products
Canada,Soybeans,0.94,0.42,Non-Animal Products
Canada,Nuts inc. Peanut Butter,8.01,14.18,Non-Animal Products
Norway,Pork,23.51,83.21000000000001,Animal Products
Norway,Poultry,21.01,22.57,Animal Products
Norway,Beef,19.83,611.91,Animal Products
Norway,Lamb & Goat,5.34,187.01,Animal Products
Norway,Fish,38.18,60.96,Animal Products
Norway,Eggs,11.41,10.48,Animal Products
Norway,Milk - inc. cheese,261.34000000000003,372.25,Animal Products
Norway,Wheat and Wheat Products,97.12,18.52,Non-Animal Products
Norway,Rice,4.359999999999999,5.58,Non-Animal Products
Norway,Soybeans,0.11,0.05,Non-Animal Products
Norway,Nuts inc. Peanut Butter,5.28,9.35,Non-Animal Products
Hong Kong SAR. China,Pork,67.11,237.54,Animal Products
Hong Kong SAR. China,Poultry,54.86,58.93,Animal Products
Hong Kong SAR. China,Beef,25.82,796.75,Animal Products
Hong Kong SAR. China,Lamb & Goat,2.22,77.74000000000001,Animal Products
Hong Kong SAR. China,Fish,42.44,67.76,Animal Products
Hong Kong SAR. China,Eggs,14.5,13.32,Animal Products
Hong Kong SAR. China,Milk - inc. cheese,105.85,150.76999999999998,Animal Products
Hong Kong SAR. China,Wheat and Wheat Products,53.14,10.13,Non-Animal Products
Hong Kong SAR. China,Rice,43.48,55.64,Non-Animal Products
Hong Kong SAR. China,Soybeans,2.79,1.26,Non-Animal Products
Hong Kong SAR. China,Nuts inc. Peanut Butter,13.81,24.44,Non-Animal Products
French Polynesia,Pork,14.75,52.21,Animal Products
French Polynesia,Poultry,49.55,53.23,Animal Products
French Polynesia,Beef,30.9,953.51,Animal Products
French Polynesia,Lamb & Goat,2.83,99.11,Animal Products
French Polynesia,Fish,38.95,62.190000000000005,Animal Products
French Polynesia,Eggs,8.75,8.04,Animal Products
French Polynesia,Milk - inc. cheese,93.56,133.26999999999998,Animal Products
French Polynesia,Wheat and Wheat Products,68.66999999999999,13.1,Non-Animal Products
French Polynesia,Rice,35.59,45.54,Non-Animal Products
French Polynesia,Soybeans,0.77,0.35,Non-Animal Products
French Polynesia,Nuts inc. Peanut Butter,2.34,4.14,Non-Animal Products
Israel,Pork,1.99,7.04,Animal Products
Israel,Poultry,62.5,67.14,Animal Products
Israel,Beef,28.78,888.09,Animal Products
Israel,Lamb & Goat,1.87,65.49000000000001,Animal Products
Israel,Fish,22.18,35.41,Animal Products
Israel,Eggs,11.35,10.43,Animal Products
Israel,Milk - inc. cheese,193.6,275.76,Animal Products
Israel,Wheat and Wheat Products,110.86,21.14,Non-Animal Products
Israel,Rice,16.810000000000002,21.51,Non-Animal Products
Israel,Soybeans,0.1,0.05,Non-Animal Products
Israel,Nuts inc. Peanut Butter,7.71,13.65,Non-Animal Products
Switzerland,Pork,31.49,111.46,Animal Products
Switzerland,Poultry,16.38,17.6,Animal Products
Switzerland,Beef,21.26,656.04,Animal Products
Switzerland,Lamb & Goat,1.42,49.73,Animal Products
Switzerland,Fish,13.48,21.52,Animal Products
Switzerland,Eggs,10.53,9.67,Animal Products
Switzerland,Milk - inc. cheese,318.69,453.94,Animal Products
Switzerland,Wheat and Wheat Products,89.51,17.07,Non-Animal Products
Switzerland,Rice,2.43,3.11,Non-Animal Products
Switzerland,Soybeans,0.44,0.2,Non-Animal Products
Switzerland,Nuts inc. Peanut Butter,9.27,16.41,Non-Animal Products
Netherlands,Pork,36.36,128.7,Animal Products
Netherlands,Poultry,23.9,25.67,Animal Products
Netherlands,Beef,17.67,545.26,Animal Products
Netherlands,Lamb & Goat,0.94,32.92,Animal Products
Netherlands,Fish,18.64,29.76,Animal Products
Netherlands,Eggs,14.03,12.89,Animal Products
Netherlands,Milk - inc. cheese,341.47,486.39,Animal Products
Netherlands,Wheat and Wheat Products,70.16999999999999,13.38,Non-Animal Products
Netherlands,Rice,2.93,3.75,Non-Animal Products
Netherlands,Soybeans,0.12,0.05,Non-Animal Products
Netherlands,Nuts inc. Peanut Butter,7.94,14.05,Non-Animal Products
Kuwait,Pork,0.0,0.0,Animal Products
Kuwait,Poultry,53.61,57.59,Animal Products
Kuwait,Beef,13.03,402.08,Animal Products
Kuwait,Lamb & Goat,15.61,546.66,Animal Products
Kuwait,Fish,11.99,19.14,Animal Products
Kuwait,Eggs,12.6,11.57,Animal Products
Kuwait,Milk - inc. cheese,157.66,224.57,Animal Products
Kuwait,Wheat and Wheat Products,96.76,18.45,Non-Animal Products
Kuwait,Rice,43.83,56.09,Non-Animal Products
Kuwait,Soybeans,0.06,0.03,Non-Animal Products
Kuwait,Nuts inc. Peanut Butter,5.23,9.26,Non-Animal Products
United Kingdom,Pork,25.79,91.28,Animal Products
United Kingdom,Poultry,31.55,33.89,Animal Products
United Kingdom,Beef,18.12,559.15,Animal Products
United Kingdom,Lamb & Goat,4.49,157.23999999999998,Animal Products
United Kingdom,Fish,15.49,24.73,Animal Products
United Kingdom,Eggs,11.08,10.18,Animal Products
United Kingdom,Milk - inc. cheese,232.2,330.75,Animal Products
United Kingdom,Wheat and Wheat Products,98.63,18.81,Non-Animal Products
United Kingdom,Rice,6.39,8.18,Non-Animal Products
United Kingdom,Soybeans,0.05,0.02,Non-Animal Products
United Kingdom,Nuts inc. Peanut Butter,4.18,7.4,Non-Animal Products
Austria,Pork,52.56,186.04,Animal Products
Austria,Poultry,18.610000000000003,19.99,Animal Products
Austria,Beef,17.14,528.9,Animal Products
Austria,Lamb & Goat,1.16,40.620000000000005,Animal Products
Austria,Fish,12.16,19.42,Animal Products
Austria,Eggs,14.68,13.49,Animal Products
Austria,Milk - inc. cheese,258.09,367.62,Animal Products
Austria,Wheat and Wheat Products,81.1,15.47,Non-Animal Products
Austria,Rice,3.7,4.73,Non-Animal Products
Austria,Soybeans,2.06,0.93,Non-Animal Products
Austria,Nuts inc. Peanut Butter,7.88,13.95,Non-Animal Products
Oman,Pork,0.01,0.04,Animal Products
Oman,Poultry,31.51,33.849999999999994,Animal Products
Oman,Beef,15.1,465.95,Animal Products
Oman,Lamb & Goat,12.87,450.71,Animal Products
Oman,Fish,21.56,34.42,Animal Products
Oman,Eggs,7.8,7.17,Animal Products
Oman,Milk - inc. cheese,152.28,216.91,Animal Products
Oman,Wheat and Wheat Products,64.1,12.22,Non-Animal Products
Oman,Rice,56.55,72.36999999999999,Non-Animal Products
Oman,Soybeans,0.21,0.09,Non-Animal Products
Oman,Nuts inc. Peanut Butter,1.6800000000000002,2.97,Non-Animal Products
Italy,Pork,40.28,142.57,Animal Products
Italy,Poultry,18.610000000000003,19.99,Animal Products
Italy,Beef,18.6,573.9599999999999,Animal Products
Italy,Lamb & Goat,0.92,32.220000000000006,Animal Products
Italy,Fish,15.6,24.91,Animal Products
Italy,Eggs,13.34,12.25,Animal Products
Italy,Milk - inc. cheese,246.88,351.66,Animal Products
Italy,Wheat and Wheat Products,146.37,27.91,Non-Animal Products
Italy,Rice,5.74,7.35,Non-Animal Products
Italy,Soybeans,0.01,0.0,Non-Animal Products
Italy,Nuts inc. Peanut Butter,7.63,13.51,Non-Animal Products
Bahamas,Pork,32.74,115.88,Animal Products
Bahamas,Poultry,45.74,49.13,Animal Products
Bahamas,Beef,19.92,614.69,Animal Products
Bahamas,Lamb & Goat,5.22,182.8,Animal Products
Bahamas,Fish,18.8,30.02,Animal Products
Bahamas,Eggs,6.2,5.7,Animal Products
Bahamas,Milk - inc. cheese,104.76,149.22,Animal Products
Bahamas,Wheat and Wheat Products,39.98,7.619999999999999,Non-Animal Products
Bahamas,Rice,23.97,30.67,Non-Animal Products
Bahamas,Soybeans,0.09,0.04,Non-Animal Products
Bahamas,Nuts inc. Peanut Butter,4.03,7.13,Non-Animal Products
Portugal,Pork,37.91,134.18,Animal Products
Portugal,Poultry,30.14,32.379999999999995,Animal Products
Portugal,Beef,16.45,507.61,Animal Products
Portugal,Lamb & Goat,2.38,83.35,Animal Products
Portugal,Fish,45.39,72.47,Animal Products
Portugal,Eggs,9.05,8.31,Animal Products
Portugal,Milk - inc. cheese,205.04,292.06,Animal Products
Portugal,Wheat and Wheat Products,94.3,17.979999999999997,Non-Animal Products
Portugal,Rice,14.86,19.02,Non-Animal Products
Portugal,Soybeans,0.01,0.0,Non-Animal Products
Portugal,Nuts inc. Peanut Butter,3.91,6.92,Non-Animal Products
Malta,Pork,34.24,121.19,Animal Products
Malta,Poultry,26.4,28.36,Animal Products
Malta,Beef,19.22,593.09,Animal Products
Malta,Lamb & Goat,1.1900000000000002,41.67,Animal Products
Malta,Fish,24.58,39.25,Animal Products
Malta,Eggs,11.64,10.69,Animal Products
Malta,Milk - inc. cheese,190.06,270.72,Animal Products
Malta,Wheat and Wheat Products,139.58,26.62,Non-Animal Products
Malta,Rice,4.96,6.35,Non-Animal Products
Malta,Soybeans,0.05,0.02,Non-Animal Products
Malta,Nuts inc. Peanut Butter,5.619999999999999,9.95,Non-Animal Products
Armenia,Pork,9.67,34.230000000000004,Animal Products
Armenia,Poultry,13.35,14.34,Animal Products
Armenia,Beef,19.66,606.6700000000001,Animal Products
Armenia,Lamb & Goat,3.02,105.76,Animal Products
Armenia,Fish,4.359999999999999,6.96,Animal Products
Armenia,Eggs,11.69,10.739999999999998,Animal Products
Armenia,Milk - inc. cheese,209.03,297.74,Animal Products
Armenia,Wheat and Wheat Products,130.6,24.91,Non-Animal Products
Armenia,Rice,3.18,4.07,Non-Animal Products
Armenia,Soybeans,0.0,0.0,Non-Animal Products
Armenia,Nuts inc. Peanut Butter,2.55,4.51,Non-Animal Products
Slovenia,Pork,28.19,99.78,Animal Products
Slovenia,Poultry,23.46,25.2,Animal Products
Slovenia,Beef,18.43,568.71,Animal Products
Slovenia,Lamb & Goat,0.7899999999999999,27.67,Animal Products
Slovenia,Fish,7.76,12.39,Animal Products
Slovenia,Eggs,9.36,8.6,Animal Products
Slovenia,Milk - inc. cheese,235.01,334.75,Animal Products
Slovenia,Wheat and Wheat Products,103.43,19.72,Non-Animal Products
Slovenia,Rice,3.95,5.05,Non-Animal Products
Slovenia,Soybeans,0.75,0.3399999999999999,Non-Animal Products
Slovenia,Nuts inc. Peanut Butter,5.28,9.35,Non-Animal Products
Chile,Pork,24.68,87.35,Animal Products
Chile,Poultry,36.52,39.23,Animal Products
Chile,Beef,23.86,736.2700000000001,Animal Products
Chile,Lamb & Goat,0.42,14.71,Animal Products
Chile,Fish,7.649999999999999,12.21,Animal Products
Chile,Eggs,9.97,9.16,Animal Products
Chile,Milk - inc. cheese,116.11,165.39,Animal Products
Chile,Wheat and Wheat Products,104.74,19.97,Non-Animal Products
Chile,Rice,8.850000000000001,11.33,Non-Animal Products
Chile,Soybeans,0.04,0.02,Non-Animal Products
Chile,Nuts inc. Peanut Butter,2.22,3.93,Non-Animal Products
Venezuela,Pork,7.23,25.59,Animal Products
Venezuela,Poultry,39.28,42.190000000000005,Animal Products
Venezuela,Beef,25.89,798.91,Animal Products
Venezuela,Lamb & Goat,0.32,11.21,Animal Products
Venezuela,Fish,8.34,13.32,Animal Products
Venezuela,Eggs,5.63,5.17,Animal Products
Venezuela,Milk - inc. cheese,117.79,167.78,Animal Products
Venezuela,Wheat and Wheat Products,49.17,9.38,Non-Animal Products
Venezuela,Rice,23.39,29.93,Non-Animal Products
Venezuela,Soybeans,0.0,0.0,Non-Animal Products
Venezuela,Nuts inc. Peanut Butter,0.35,0.62,Non-Animal Products
Belgium,Pork,38.65,136.8,Animal Products
Belgium,Poultry,12.2,13.11,Animal Products
Belgium,Beef,15.63,482.31,Animal Products
Belgium,Lamb & Goat,1.32,46.23,Animal Products
Belgium,Fish,18.97,30.29,Animal Products
Belgium,Eggs,12.59,11.57,Animal Products
Belgium,Milk - inc. cheese,236.19,336.42999999999995,Animal Products
Belgium,Wheat and Wheat Products,111.91,21.34,Non-Animal Products
Belgium,Rice,8.61,11.02,Non-Animal Products
Belgium,Soybeans,0.07,0.03,Non-Animal Products
Belgium,Nuts inc. Peanut Butter,7.319999999999999,12.96,Non-Animal Products
Germany,Pork,51.81,183.38,Animal Products
Germany,Poultry,17.75,19.07,Animal Products
Germany,Beef,13.16,406.09,Animal Products
Germany,Lamb & Goat,0.73,25.56,Animal Products
Germany,Fish,11.16,17.82,Animal Products
Germany,Eggs,12.2,11.21,Animal Products
Germany,Milk - inc. cheese,258.7,368.49,Animal Products
Germany,Wheat and Wheat Products,83.41000000000001,15.91,Non-Animal Products
Germany,Rice,3.34,4.2700000000000005,Non-Animal Products
Germany,Soybeans,0.88,0.4,Non-Animal Products
Germany,Nuts inc. Peanut Butter,7.96,14.09,Non-Animal Products
Russia,Pork,25.66,90.82,Animal Products
Russia,Poultry,27.5,29.54,Animal Products
Russia,Beef,16.979999999999997,523.97,Animal Products
Russia,Lamb & Goat,1.4,49.03,Animal Products
Russia,Fish,20.82,33.24,Animal Products
Russia,Eggs,15.43,14.17,Animal Products
Russia,Milk - inc. cheese,163.57,232.99,Animal Products
Russia,Wheat and Wheat Products,130.99,24.98,Non-Animal Products
Russia,Rice,4.71,6.03,Non-Animal Products
Russia,Soybeans,0.05,0.02,Non-Animal Products
Russia,Nuts inc. Peanut Butter,1.62,2.87,Non-Animal Products
Croatia,Pork,42.790000000000006,151.46,Animal Products
Croatia,Poultry,8.52,9.15,Animal Products
Croatia,Beef,12.41,382.95,Animal Products
Croatia,Lamb & Goat,1.71,59.88,Animal Products
Croatia,Fish,15.83,25.28,Animal Products
Croatia,Eggs,8.48,7.79,Animal Products
Croatia,Milk - inc. cheese,231.02,329.06,Animal Products
Croatia,Wheat and Wheat Products,106.59,20.33,Non-Animal Products
Croatia,Rice,2.64,3.38,Non-Animal Products
Croatia,Soybeans,0.0,0.0,Non-Animal Products
Croatia,Nuts inc. Peanut Butter,3.88,6.87,Non-Animal Products
Belarus,Pork,40.37,142.89,Animal Products
Belarus,Poultry,31.29,33.61,Animal Products
Belarus,Beef,17.110000000000003,527.98,Animal Products
Belarus,Lamb & Goat,0.11,3.85,Animal Products
Belarus,Fish,15.75,25.15,Animal Products
Belarus,Eggs,15.86,14.57,Animal Products
Belarus,Milk - inc. cheese,133.73,190.49,Animal Products
Belarus,Wheat and Wheat Products,60.48,11.53,Non-Animal Products
Belarus,Rice,3.17,4.06,Non-Animal Products
Belarus,Soybeans,0.3,0.14,Non-Animal Products
Belarus,Nuts inc. Peanut Butter,3.36,5.95,Non-Animal Products
Spain,Pork,48.92,173.15,Animal Products
Spain,Poultry,28.630000000000003,30.75,Animal Products
Spain,Beef,12.15,374.92,Animal Products
Spain,Lamb & Goat,2.16,75.64,Animal Products
Spain,Fish,28.83,46.03,Animal Products
Spain,Eggs,13.32,12.239999999999998,Animal Products
Spain,Milk - inc. cheese,164.29,234.01,Animal Products
Spain,Wheat and Wheat Products,93.88,17.9,Non-Animal Products
Spain,Rice,8.32,10.65,Non-Animal Products
Spain,Soybeans,0.02,0.01,Non-Animal Products
Spain,Nuts inc. Peanut Butter,7.44,13.17,Non-Animal Products
Paraguay,Pork,26.24,92.88,Animal Products
Paraguay,Poultry,6.39,6.859999999999999,Animal Products
Paraguay,Beef,19.81,611.2900000000001,Animal Products
Paraguay,Lamb & Goat,0.56,19.610000000000003,Animal Products
Paraguay,Fish,3.6,5.75,Animal Products
Paraguay,Eggs,18.83,17.3,Animal Products
Paraguay,Milk - inc. cheese,75.72,107.86,Animal Products
Paraguay,Wheat and Wheat Products,31.51,6.01,Non-Animal Products
Paraguay,Rice,4.91,6.28,Non-Animal Products
Paraguay,Soybeans,0.0,0.0,Non-Animal Products
Paraguay,Nuts inc. Peanut Butter,1.6,2.83,Non-Animal Products
New Caledonia,Pork,19.9,70.44000000000001,Animal Products
New Caledonia,Poultry,44.36,47.65,Animal Products
New Caledonia,Beef,16.07,495.89,Animal Products
New Caledonia,Lamb & Goat,1.95,68.29,Animal Products
New Caledonia,Fish,19.38,30.94,Animal Products
New Caledonia,Eggs,8.850000000000001,8.129999999999999,Animal Products
New Caledonia,Milk - inc. cheese,108.0,153.84,Animal Products
New Caledonia,Wheat and Wheat Products,81.75,15.59,Non-Animal Products
New Caledonia,Rice,17.47,22.36,Non-Animal Products
New Caledonia,Soybeans,0.55,0.25,Non-Animal Products
New Caledonia,Nuts inc. Peanut Butter,2.96,5.24,Non-Animal Products
South Africa,Pork,4.159999999999999,14.72,Animal Products
South Africa,Poultry,37.57,40.36,Animal Products
South Africa,Beef,18.03,556.37,Animal Products
South Africa,Lamb & Goat,4.28,149.89,Animal Products
South Africa,Fish,5.56,8.88,Animal Products
South Africa,Eggs,7.21,6.619999999999999,Animal Products
South Africa,Milk - inc. cheese,55.75,79.41000000000001,Animal Products
South Africa,Wheat and Wheat Products,60.13,11.47,Non-Animal Products
South Africa,Rice,17.41,22.28,Non-Animal Products
South Africa,Soybeans,1.27,0.5700000000000001,Non-Animal Products
South Africa,Nuts inc. Peanut Butter,1.04,1.84,Non-Animal Products
Barbados,Pork,8.3,29.38,Animal Products
Barbados,Poultry,42.620000000000005,45.78,Animal Products
Barbados,Beef,13.13,405.16,Animal Products
Barbados,Lamb & Goat,4.08,142.88000000000002,Animal Products
Barbados,Fish,37.41,59.73,Animal Products
Barbados,Eggs,9.61,8.83,Animal Products
Barbados,Milk - inc. cheese,110.48,157.37,Animal Products
Barbados,Wheat and Wheat Products,65.71000000000001,12.53,Non-Animal Products
Barbados,Rice,15.66,20.04,Non-Animal Products
Barbados,Soybeans,0.1,0.05,Non-Animal Products
Barbados,Nuts inc. Peanut Butter,4.159999999999999,7.359999999999999,Non-Animal Products
Lithuania,Pork,45.67,161.65,Animal Products
Lithuania,Poultry,26.84,28.83,Animal Products
Lithuania,Beef,4.49,138.55,Animal Products
Lithuania,Lamb & Goat,0.24,8.4,Animal Products
Lithuania,Fish,42.39,67.67999999999999,Animal Products
Lithuania,Eggs,13.11,12.04,Animal Products
Lithuania,Milk - inc. cheese,295.46,420.85,Animal Products
Lithuania,Wheat and Wheat Products,121.59,23.19,Non-Animal Products
Lithuania,Rice,3.07,3.93,Non-Animal Products
Lithuania,Soybeans,0.02,0.01,Non-Animal Products
Lithuania,Nuts inc. Peanut Butter,2.13,3.77,Non-Animal Products
Turkey,Pork,0.01,0.04,Animal Products
Turkey,Poultry,18.78,20.17,Animal Products
Turkey,Beef,11.64,359.19,Animal Products
Turkey,Lamb & Goat,4.68,163.89,Animal Products
Turkey,Fish,5.58,8.91,Animal Products
Turkey,Eggs,8.2,7.53,Animal Products
Turkey,Milk - inc. cheese,193.94,276.25,Animal Products
Turkey,Wheat and Wheat Products,169.96,32.41,Non-Animal Products
Turkey,Rice,10.739999999999998,13.739999999999998,Non-Animal Products
Turkey,Soybeans,1.71,0.77,Non-Animal Products
Turkey,Nuts inc. Peanut Butter,7.970000000000001,14.11,Non-Animal Products
Estonia,Pork,29.68,105.05,Animal Products
Estonia,Poultry,21.110000000000003,22.68,Animal Products
Estonia,Beef,7.19,221.87,Animal Products
Estonia,Lamb & Goat,0.44,15.41,Animal Products
Estonia,Fish,12.78,20.41,Animal Products
Estonia,Eggs,12.66,11.63,Animal Products
Estonia,Milk - inc. cheese,284.85,405.74,Animal Products
Estonia,Wheat and Wheat Products,89.36,17.04,Non-Animal Products
Estonia,Rice,2.56,3.28,Non-Animal Products
Estonia,Soybeans,0.04,0.02,Non-Animal Products
Estonia,Nuts inc. Peanut Butter,4.29,7.59,Non-Animal Products
Mexico,Pork,15.23,53.91,Animal Products
Mexico,Poultry,30.12,32.349999999999994,Animal Products
Mexico,Beef,15.33,473.05,Animal Products
Mexico,Lamb & Goat,0.89,31.17,Animal Products
Mexico,Fish,7.56,12.07,Animal Products
Mexico,Eggs,18.34,16.85,Animal Products
Mexico,Milk - inc. cheese,111.87,159.35000000000002,Animal Products
Mexico,Wheat and Wheat Products,35.21,6.71,Non-Animal Products
Mexico,Rice,5.64,7.22,Non-Animal Products
Mexico,Soybeans,0.02,0.01,Non-Animal Products
Mexico,Nuts inc. Peanut Butter,2.51,4.44,Non-Animal Products
Costa Rica,Pork,10.28,36.39,Animal Products
Costa Rica,Poultry,24.47,26.29,Animal Products
Costa Rica,Beef,15.23,469.97,Animal Products
Costa Rica,Lamb & Goat,0.02,0.7,Animal Products
Costa Rica,Fish,11.32,18.07,Animal Products
Costa Rica,Eggs,10.55,9.69,Animal Products
Costa Rica,Milk - inc. cheese,183.28,261.06,Animal Products
Costa Rica,Wheat and Wheat Products,39.31,7.5,Non-Animal Products
Costa Rica,Rice,45.690000000000005,58.47,Non-Animal Products
Costa Rica,Soybeans,1.54,0.69,Non-Animal Products
Costa Rica,Nuts inc. Peanut Butter,1.38,2.44,Non-Animal Products
Bolivia,Pork,8.89,31.47,Animal Products
Bolivia,Poultry,34.309999999999995,36.86,Animal Products
Bolivia,Beef,19.78,610.37,Animal Products
Bolivia,Lamb & Goat,1.72,60.23,Animal Products
Bolivia,Fish,2.18,3.48,Animal Products
Bolivia,Eggs,5.18,4.76,Animal Products
Bolivia,Milk - inc. cheese,46.04,65.58,Animal Products
Bolivia,Wheat and Wheat Products,49.99,9.53,Non-Animal Products
Bolivia,Rice,26.99,34.54,Non-Animal Products
Bolivia,Soybeans,0.01,0.0,Non-Animal Products
Bolivia,Nuts inc. Peanut Butter,9.16,16.21,Non-Animal Products
Ecuador,Pork,14.44,51.11,Animal Products
Ecuador,Poultry,21.85,23.47,Animal Products
Ecuador,Beef,16.610000000000003,512.55,Animal Products
Ecuador,Lamb & Goat,0.44,15.41,Animal Products
Ecuador,Fish,5.17,8.25,Animal Products
Ecuador,Eggs,8.01,7.359999999999999,Animal Products
Ecuador,Milk - inc. cheese,139.6,198.85,Animal Products
Ecuador,Wheat and Wheat Products,39.190000000000005,7.470000000000001,Non-Animal Products
Ecuador,Rice,45.07,57.68,Non-Animal Products
Ecuador,Soybeans,0.0,0.0,Non-Animal Products
Ecuador,Nuts inc. Peanut Butter,0.98,1.73,Non-Animal Products
Panama,Pork,13.48,47.71,Animal Products
Panama,Poultry,30.81,33.1,Animal Products
Panama,Beef,20.4,629.5,Animal Products
Panama,Lamb & Goat,0.01,0.35,Animal Products
Panama,Fish,11.05,17.64,Animal Products
Panama,Eggs,4.53,4.159999999999999,Animal Products
Panama,Milk - inc. cheese,70.29,100.12,Animal Products
Panama,Wheat and Wheat Products,38.96,7.430000000000001,Non-Animal Products
Panama,Rice,66.42,85.0,Non-Animal Products
Panama,Soybeans,3.53,1.59,Non-Animal Products
Panama,Nuts inc. Peanut Butter,1.05,1.86,Non-Animal Products
Czech Republic,Pork,41.17,145.72,Animal Products
Czech Republic,Poultry,19.09,20.51,Animal Products
Czech Republic,Beef,8.15,251.49,Animal Products
Czech Republic,Lamb & Goat,0.3399999999999999,11.91,Animal Products
Czech Republic,Fish,8.25,13.17,Animal Products
Czech Republic,Eggs,11.66,10.71,Animal Products
Czech Republic,Milk - inc. cheese,195.2,278.04,Animal Products
Czech Republic,Wheat and Wheat Products,92.67,17.67,Non-Animal Products
Czech Republic,Rice,4.79,6.13,Non-Animal Products
Czech Republic,Soybeans,0.8200000000000001,0.37,Non-Animal Products
Czech Republic,Nuts inc. Peanut Butter,2.47,4.37,Non-Animal Products
Romania,Pork,25.31,89.58,Animal Products
Romania,Poultry,15.38,16.52,Animal Products
Romania,Beef,4.78,147.5,Animal Products
Romania,Lamb & Goat,3.41,119.42,Animal Products
Romania,Fish,6.07,9.69,Animal Products
Romania,Eggs,12.94,11.89,Animal Products
Romania,Milk - inc. cheese,238.33,339.48,Animal Products
Romania,Wheat and Wheat Products,134.87,25.72,Non-Animal Products
Romania,Rice,2.59,3.31,Non-Animal Products
Romania,Soybeans,0.01,0.0,Non-Animal Products
Romania,Nuts inc. Peanut Butter,1.8,3.19,Non-Animal Products
Colombia,Pork,6.51,23.04,Animal Products
Colombia,Poultry,27.57,29.62,Animal Products
Colombia,Beef,16.36,504.84,Animal Products
Colombia,Lamb & Goat,0.21,7.35,Animal Products
Colombia,Fish,6.01,9.6,Animal Products
Colombia,Eggs,10.78,9.9,Animal Products
Colombia,Milk - inc. cheese,108.47,154.5,Animal Products
Colombia,Wheat and Wheat Products,29.79,5.68,Non-Animal Products
Colombia,Rice,28.02,35.86,Non-Animal Products
Colombia,Soybeans,0.89,0.4,Non-Animal Products
Colombia,Nuts inc. Peanut Butter,0.42,0.74,Non-Animal Products
Maldives,Pork,1.22,4.319999999999999,Animal Products
Maldives,Poultry,18.47,19.84,Animal Products
Maldives,Beef,9.44,291.3,Animal Products
Maldives,Lamb & Goat,0.7,24.51,Animal Products
Maldives,Fish,179.70999999999998,286.94,Animal Products
Maldives,Eggs,10.79,9.91,Animal Products
Maldives,Milk - inc. cheese,111.47,158.78,Animal Products
Maldives,Wheat and Wheat Products,77.77,14.83,Non-Animal Products
Maldives,Rice,50.73,64.92,Non-Animal Products
Maldives,Soybeans,0.2,0.09,Non-Animal Products
Maldives,Nuts inc. Peanut Butter,15.83,28.02,Non-Animal Products
Cyprus,Pork,38.38,135.85000000000002,Animal Products
Cyprus,Poultry,24.45,26.26,Animal Products
Cyprus,Beef,5.79,178.67,Animal Products
Cyprus,Lamb & Goat,5.05,176.85000000000002,Animal Products
Cyprus,Fish,14.86,23.73,Animal Products
Cyprus,Eggs,8.98,8.25,Animal Products
Cyprus,Milk - inc. cheese,113.31,161.4,Animal Products
Cyprus,Wheat and Wheat Products,83.25,15.88,Non-Animal Products
Cyprus,Rice,4.94,6.319999999999999,Non-Animal Products
Cyprus,Soybeans,0.04,0.02,Non-Animal Products
Cyprus,Nuts inc. Peanut Butter,4.6,8.139999999999999,Non-Animal Products
Serbia,Pork,32.04,113.41,Animal Products
Serbia,Poultry,10.64,11.43,Animal Products
Serbia,Beef,7.05,217.55,Animal Products
Serbia,Lamb & Goat,3.56,124.67,Animal Products
Serbia,Fish,5.59,8.93,Animal Products
Serbia,Eggs,8.89,8.17,Animal Products
Serbia,Milk - inc. cheese,148.53,211.57,Animal Products
Serbia,Wheat and Wheat Products,105.88,20.19,Non-Animal Products
Serbia,Rice,1.22,1.56,Non-Animal Products
Serbia,Soybeans,0.0,0.0,Non-Animal Products
Serbia,Nuts inc. Peanut Butter,3.31,5.859999999999999,Non-Animal Products
United Arab Emirates,Pork,0.0,0.0,Animal Products
United Arab Emirates,Poultry,41.04,44.09,Animal Products
United Arab Emirates,Beef,5.64,174.04,Animal Products
United Arab Emirates,Lamb & Goat,9.08,317.98,Animal Products
United Arab Emirates,Fish,20.41,32.59,Animal Products
United Arab Emirates,Eggs,8.229999999999999,7.56,Animal Products
United Arab Emirates,Milk - inc. cheese,132.66,188.96,Animal Products
United Arab Emirates,Wheat and Wheat Products,101.29,19.32,Non-Animal Products
United Arab Emirates,Rice,56.25,71.98,Non-Animal Products
United Arab Emirates,Soybeans,0.08,0.04,Non-Animal Products
United Arab Emirates,Nuts inc. Peanut Butter,23.03,40.760000000000005,Non-Animal Products
Algeria,Pork,0.0,0.0,Animal Products
Algeria,Poultry,7.42,7.970000000000001,Animal Products
Algeria,Beef,5.6,172.8,Animal Products
Algeria,Lamb & Goat,7.689999999999999,269.3,Animal Products
Algeria,Fish,3.74,5.970000000000001,Animal Products
Algeria,Eggs,8.06,7.4,Animal Products
Algeria,Milk - inc. cheese,141.53,201.6,Animal Products
Algeria,Wheat and Wheat Products,185.42,35.36,Non-Animal Products
Algeria,Rice,2.97,3.8,Non-Animal Products
Algeria,Soybeans,0.0,0.0,Non-Animal Products
Algeria,Nuts inc. Peanut Butter,2.08,3.68,Non-Animal Products
Ukraine,Pork,20.56,72.77,Animal Products
Ukraine,Poultry,24.23,26.03,Animal Products
Ukraine,Beef,8.96,276.48999999999995,Animal Products
Ukraine,Lamb & Goat,0.41,14.36,Animal Products
Ukraine,Fish,15.23,24.32,Animal Products
Ukraine,Eggs,18.01,16.54,Animal Products
Ukraine,Milk - inc. cheese,145.03,206.58,Animal Products
Ukraine,Wheat and Wheat Products,105.15,20.05,Non-Animal Products
Ukraine,Rice,3.0,3.84,Non-Animal Products
Ukraine,Soybeans,0.02,0.01,Non-Animal Products
Ukraine,Nuts inc. Peanut Butter,2.68,4.74,Non-Animal Products
Pakistan,Pork,0.0,0.0,Animal Products
Pakistan,Poultry,5.01,5.38,Animal Products
Pakistan,Beef,8.82,272.17,Animal Products
Pakistan,Lamb & Goat,2.46,86.14999999999999,Animal Products
Pakistan,Fish,1.87,2.99,Animal Products
Pakistan,Eggs,2.95,2.71,Animal Products
Pakistan,Milk - inc. cheese,183.13,260.85,Animal Products
Pakistan,Wheat and Wheat Products,113.63,21.67,Non-Animal Products
Pakistan,Rice,12.25,15.68,Non-Animal Products
Pakistan,Soybeans,0.0,0.0,Non-Animal Products
Pakistan,Nuts inc. Peanut Butter,0.8300000000000001,1.47,Non-Animal Products
Swaziland,Pork,2.43,8.6,Animal Products
Swaziland,Poultry,6.18,6.64,Animal Products
Swaziland,Beef,15.1,465.95,Animal Products
Swaziland,Lamb & Goat,1.94,67.94000000000001,Animal Products
Swaziland,Fish,1.26,2.01,Animal Products
Swaziland,Eggs,1.5,1.38,Animal Products
Swaziland,Milk - inc. cheese,56.6,80.61999999999999,Animal Products
Swaziland,Wheat and Wheat Products,37.15,7.08,Non-Animal Products
Swaziland,Rice,21.15,27.07,Non-Animal Products
Swaziland,Soybeans,0.55,0.25,Non-Animal Products
Swaziland,Nuts inc. Peanut Butter,6.44,11.4,Non-Animal Products
Latvia,Pork,34.96,123.74,Animal Products
Latvia,Poultry,20.53,22.05,Animal Products
Latvia,Beef,5.109999999999999,157.68,Animal Products
Latvia,Lamb & Goat,0.3399999999999999,11.91,Animal Products
Latvia,Fish,21.3,34.01,Animal Products
Latvia,Eggs,14.03,12.89,Animal Products
Latvia,Milk - inc. cheese,174.11,248.0,Animal Products
Latvia,Wheat and Wheat Products,72.13,13.76,Non-Animal Products
Latvia,Rice,2.21,2.83,Non-Animal Products
Latvia,Soybeans,0.04,0.02,Non-Animal Products
Latvia,Nuts inc. Peanut Butter,3.78,6.69,Non-Animal Products
Bosnia and Herzegovina,Pork,9.38,33.2,Animal Products
Bosnia and Herzegovina,Poultry,13.17,14.15,Animal Products
Bosnia and Herzegovina,Beef,9.12,281.42,Animal Products
Bosnia and Herzegovina,Lamb & Goat,0.47,16.459999999999997,Animal Products
Bosnia and Herzegovina,Fish,4.06,6.48,Animal Products
Bosnia and Herzegovina,Eggs,4.49,4.119999999999999,Animal Products
Bosnia and Herzegovina,Milk - inc. cheese,174.03,247.89,Animal Products
Bosnia and Herzegovina,Wheat and Wheat Products,93.56,17.84,Non-Animal Products
Bosnia and Herzegovina,Rice,1.88,2.41,Non-Animal Products
Bosnia and Herzegovina,Soybeans,1.48,0.6699999999999999,Non-Animal Products
Bosnia and Herzegovina,Nuts inc. Peanut Butter,2.0,3.54,Non-Animal Products
Fiji,Pork,4.31,15.26,Animal Products
Fiji,Poultry,20.26,21.76,Animal Products
Fiji,Beef,8.96,276.48999999999995,Animal Products
Fiji,Lamb & Goat,5.9,206.62,Animal Products
Fiji,Fish,35.01,55.9,Animal Products
Fiji,Eggs,6.44,5.92,Animal Products
Fiji,Milk - inc. cheese,40.2,57.260000000000005,Animal Products
Fiji,Wheat and Wheat Products,84.22,16.06,Non-Animal Products
Fiji,Rice,45.620000000000005,58.38,Non-Animal Products
Fiji,Soybeans,0.3,0.14,Non-Animal Products
Fiji,Nuts inc. Peanut Butter,1.3,2.3,Non-Animal Products
South Korea,Pork,32.760000000000005,115.95,Animal Products
South Korea,Poultry,16.0,17.19,Animal Products
South Korea,Beef,14.53,448.37,Animal Products
South Korea,Lamb & Goat,0.14,4.9,Animal Products
South Korea,Fish,33.09,52.83,Animal Products
South Korea,Eggs,11.239999999999998,10.33,Animal Products
South Korea,Milk - inc. cheese,29.05,41.38,Animal Products
South Korea,Wheat and Wheat Products,50.84,9.7,Non-Animal Products
South Korea,Rice,85.17999999999999,109.0,Non-Animal Products
South Korea,Soybeans,8.350000000000001,3.76,Non-Animal Products
South Korea,Nuts inc. Peanut Butter,4.88,8.639999999999999,Non-Animal Products
Poland,Pork,46.190000000000005,163.49,Animal Products
Poland,Poultry,27.41,29.44,Animal Products
Poland,Beef,2.32,71.59,Animal Products
Poland,Lamb & Goat,0.02,0.7,Animal Products
Poland,Fish,10.49,16.75,Animal Products
Poland,Eggs,7.53,6.92,Animal Products
Poland,Milk - inc. cheese,205.39,292.56,Animal Products
Poland,Wheat and Wheat Products,108.83,20.75,Non-Animal Products
Poland,Rice,0.95,1.22,Non-Animal Products
Poland,Soybeans,0.06,0.03,Non-Animal Products
Poland,Nuts inc. Peanut Butter,2.23,3.95,Non-Animal Products
Saudi Arabia,Pork,0.0,0.0,Animal Products
Saudi Arabia,Poultry,49.05,52.690000000000005,Animal Products
Saudi Arabia,Beef,6.45,199.03,Animal Products
Saudi Arabia,Lamb & Goat,6.54,229.03,Animal Products
Saudi Arabia,Fish,11.99,19.14,Animal Products
Saudi Arabia,Eggs,5.37,4.930000000000001,Animal Products
Saudi Arabia,Milk - inc. cheese,83.64999999999999,119.15,Animal Products
Saudi Arabia,Wheat and Wheat Products,89.47,17.06,Non-Animal Products
Saudi Arabia,Rice,36.02,46.09,Non-Animal Products
Saudi Arabia,Soybeans,0.05,0.02,Non-Animal Products
Saudi Arabia,Nuts inc. Peanut Butter,3.23,5.72,Non-Animal Products
Botswana,Pork,0.74,2.62,Animal Products
Botswana,Poultry,5.33,5.73,Animal Products
Botswana,Beef,7.85,242.23,Animal Products
Botswana,Lamb & Goat,3.76,131.67,Animal Products
Botswana,Fish,3.98,6.35,Animal Products
Botswana,Eggs,1.95,1.79,Animal Products
Botswana,Milk - inc. cheese,117.74,167.70999999999998,Animal Products
Botswana,Wheat and Wheat Products,38.2,7.28,Non-Animal Products
Botswana,Rice,7.06,9.03,Non-Animal Products
Botswana,Soybeans,1.16,0.52,Non-Animal Products
Botswana,Nuts inc. Peanut Butter,1.08,1.91,Non-Animal Products
Macedonia,Pork,10.35,36.63,Animal Products
Macedonia,Poultry,18.77,20.16,Animal Products
Macedonia,Beef,7.689999999999999,237.3,Animal Products
Macedonia,Lamb & Goat,0.94,32.92,Animal Products
Macedonia,Fish,5.470000000000001,8.729999999999999,Animal Products
Macedonia,Eggs,6.38,5.859999999999999,Animal Products
Macedonia,Milk - inc. cheese,157.93,224.96,Animal Products
Macedonia,Wheat and Wheat Products,104.8,19.99,Non-Animal Products
Macedonia,Rice,2.81,3.6,Non-Animal Products
Macedonia,Soybeans,0.46,0.21,Non-Animal Products
Macedonia,Nuts inc. Peanut Butter,5.87,10.39,Non-Animal Products
Hungary,Pork,34.93,123.63,Animal Products
Hungary,Poultry,23.78,25.54,Animal Products
Hungary,Beef,4.96,153.06,Animal Products
Hungary,Lamb & Goat,0.11,3.85,Animal Products
Hungary,Fish,4.930000000000001,7.87,Animal Products
Hungary,Eggs,12.45,11.44,Animal Products
Hungary,Milk - inc. cheese,159.05,226.55,Animal Products
Hungary,Wheat and Wheat Products,109.98,20.97,Non-Animal Products
Hungary,Rice,2.15,2.75,Non-Animal Products
Hungary,Soybeans,0.01,0.0,Non-Animal Products
Hungary,Nuts inc. Peanut Butter,0.64,1.13,Non-Animal Products
Trinidad and Tobago,Pork,8.92,31.57,Animal Products
Trinidad and Tobago,Poultry,58.27,62.59,Animal Products
Trinidad and Tobago,Beef,6.13,189.16,Animal Products
Trinidad and Tobago,Lamb & Goat,2.79,97.71,Animal Products
Trinidad and Tobago,Fish,20.54,32.8,Animal Products
Trinidad and Tobago,Eggs,4.2,3.86,Animal Products
Trinidad and Tobago,Milk - inc. cheese,103.8,147.85000000000002,Animal Products
Trinidad and Tobago,Wheat and Wheat Products,90.17,17.2,Non-Animal Products
Trinidad and Tobago,Rice,16.38,20.96,Non-Animal Products
Trinidad and Tobago,Soybeans,0.04,0.02,Non-Animal Products
Trinidad and Tobago,Nuts inc. Peanut Butter,3.78,6.69,Non-Animal Products
Tunisia,Pork,0.0,0.0,Animal Products
Tunisia,Poultry,18.5,19.87,Animal Products
Tunisia,Beef,5.53,170.64,Animal Products
Tunisia,Lamb & Goat,5.34,187.01,Animal Products
Tunisia,Fish,12.63,20.17,Animal Products
Tunisia,Eggs,7.67,7.05,Animal Products
Tunisia,Milk - inc. cheese,114.47,163.05,Animal Products
Tunisia,Wheat and Wheat Products,197.5,37.66,Non-Animal Products
Tunisia,Rice,1.07,1.37,Non-Animal Products
Tunisia,Soybeans,1.88,0.8500000000000001,Non-Animal Products
Tunisia,Nuts inc. Peanut Butter,6.34,11.22,Non-Animal Products
Egypt,Pork,0.02,0.07,Animal Products
Egypt,Poultry,14.43,15.5,Animal Products
Egypt,Beef,12.88,397.45,Animal Products
Egypt,Lamb & Goat,1.58,55.33,Animal Products
Egypt,Fish,21.46,34.260000000000005,Animal Products
Egypt,Eggs,4.59,4.22,Animal Products
Egypt,Milk - inc. cheese,59.46,84.69,Animal Products
Egypt,Wheat and Wheat Products,146.83,28.0,Non-Animal Products
Egypt,Rice,39.77,50.89,Non-Animal Products
Egypt,Soybeans,0.64,0.29,Non-Animal Products
Egypt,Nuts inc. Peanut Butter,1.82,3.22,Non-Animal Products
Mauritius,Pork,4.08,14.44,Animal Products
Mauritius,Poultry,38.51,41.37,Animal Products
Mauritius,Beef,5.99,184.84,Animal Products
Mauritius,Lamb & Goat,4.08,142.88000000000002,Animal Products
Mauritius,Fish,19.66,31.39,Animal Products
Mauritius,Eggs,6.319999999999999,5.81,Animal Products
Mauritius,Milk - inc. cheese,117.27,167.04,Animal Products
Mauritius,Wheat and Wheat Products,114.02,21.74,Non-Animal Products
Mauritius,Rice,45.56,58.3,Non-Animal Products
Mauritius,Soybeans,0.3,0.14,Non-Animal Products
Mauritius,Nuts inc. Peanut Butter,2.33,4.119999999999999,Non-Animal Products
Bulgaria,Pork,26.26,92.95,Animal Products
Bulgaria,Poultry,20.68,22.21,Animal Products
Bulgaria,Beef,3.84,118.49,Animal Products
Bulgaria,Lamb & Goat,1.63,57.08,Animal Products
Bulgaria,Fish,6.24,9.96,Animal Products
Bulgaria,Eggs,8.360000000000001,7.68,Animal Products
Bulgaria,Milk - inc. cheese,155.70999999999998,221.79,Animal Products
Bulgaria,Wheat and Wheat Products,121.17,23.110000000000003,Non-Animal Products
Bulgaria,Rice,2.24,2.87,Non-Animal Products
Bulgaria,Soybeans,0.04,0.02,Non-Animal Products
Bulgaria,Nuts inc. Peanut Butter,2.26,4.0,Non-Animal Products
Morocco,Pork,0.01,0.04,Animal Products
Morocco,Poultry,20.77,22.31,Animal Products
Morocco,Beef,8.04,248.1,Animal Products
Morocco,Lamb & Goat,4.359999999999999,152.69,Animal Products
Morocco,Fish,17.439999999999998,27.85,Animal Products
Morocco,Eggs,6.68,6.14,Animal Products
Morocco,Milk - inc. cheese,54.68,77.89,Animal Products
Morocco,Wheat and Wheat Products,179.7,34.27,Non-Animal Products
Morocco,Rice,1.1,1.41,Non-Animal Products
Morocco,Soybeans,0.0,0.0,Non-Animal Products
Morocco,Nuts inc. Peanut Butter,3.23,5.72,Non-Animal Products
Slovakia,Pork,31.78,112.49,Animal Products
Slovakia,Poultry,15.13,16.25,Animal Products
Slovakia,Beef,5.19,160.15,Animal Products
Slovakia,Lamb & Goat,0.16,5.6,Animal Products
Slovakia,Fish,8.39,13.4,Animal Products
Slovakia,Eggs,16.05,14.739999999999998,Animal Products
Slovakia,Milk - inc. cheese,143.14,203.89,Animal Products
Slovakia,Wheat and Wheat Products,123.62,23.57,Non-Animal Products
Slovakia,Rice,2.88,3.69,Non-Animal Products
Slovakia,Soybeans,0.02,0.01,Non-Animal Products
Slovakia,Nuts inc. Peanut Butter,3.7,6.55,Non-Animal Products
Niger,Pork,0.09,0.32,Animal Products
Niger,Poultry,1.08,1.16,Animal Products
Niger,Beef,8.97,276.8,Animal Products
Niger,Lamb & Goat,4.17,146.03,Animal Products
Niger,Fish,2.7,4.31,Animal Products
Niger,Eggs,0.3,0.28,Animal Products
Niger,Milk - inc. cheese,58.92,83.93,Animal Products
Niger,Wheat and Wheat Products,4.79,0.91,Non-Animal Products
Niger,Rice,13.17,16.85,Non-Animal Products
Niger,Soybeans,0.0,0.0,Non-Animal Products
Niger,Nuts inc. Peanut Butter,6.95,12.3,Non-Animal Products
Kenya,Pork,0.29,1.03,Animal Products
Kenya,Poultry,0.47,0.5,Animal Products
Kenya,Beef,9.54,294.38,Animal Products
Kenya,Lamb & Goat,1.86,65.14,Animal Products
Kenya,Fish,4.2700000000000005,6.819999999999999,Animal Products
Kenya,Eggs,1.84,1.6900000000000002,Animal Products
Kenya,Milk - inc. cheese,94.86,135.12,Animal Products
Kenya,Wheat and Wheat Products,34.65,6.609999999999999,Non-Animal Products
Kenya,Rice,12.94,16.56,Non-Animal Products
Kenya,Soybeans,0.2,0.09,Non-Animal Products
Kenya,Nuts inc. Peanut Butter,1.64,2.9,Non-Animal Products
Jordan,Pork,0.02,0.07,Animal Products
Jordan,Poultry,33.39,35.87,Animal Products
Jordan,Beef,5.609999999999999,173.11,Animal Products
Jordan,Lamb & Goat,5.68,198.91,Animal Products
Jordan,Fish,5.13,8.19,Animal Products
Jordan,Eggs,3.92,3.6,Animal Products
Jordan,Milk - inc. cheese,77.67999999999999,110.65,Animal Products
Jordan,Wheat and Wheat Products,136.73999999999998,26.08,Non-Animal Products
Jordan,Rice,19.67,25.17,Non-Animal Products
Jordan,Soybeans,0.02,0.01,Non-Animal Products
Jordan,Nuts inc. Peanut Butter,3.56,6.3,Non-Animal Products
Japan,Pork,20.62,72.98,Animal Products
Japan,Poultry,19.42,20.86,Animal Products
Japan,Beef,9.15,282.35,Animal Products
Japan,Lamb & Goat,0.14,4.9,Animal Products
Japan,Fish,31.1,49.66,Animal Products
Japan,Eggs,19.15,17.59,Animal Products
Japan,Milk - inc. cheese,72.06,102.64,Animal Products
Japan,Wheat and Wheat Products,45.04,8.59,Non-Animal Products
Japan,Rice,59.85,76.59,Non-Animal Products
Japan,Soybeans,7.34,3.3,Non-Animal Products
Japan,Nuts inc. Peanut Butter,2.59,4.58,Non-Animal Products
Georgia,Pork,8.93,31.610000000000003,Animal Products
Georgia,Poultry,12.28,13.19,Animal Products
Georgia,Beef,6.04,186.38,Animal Products
Georgia,Lamb & Goat,0.63,22.06,Animal Products
Georgia,Fish,10.42,16.64,Animal Products
Georgia,Eggs,6.119999999999999,5.619999999999999,Animal Products
Georgia,Milk - inc. cheese,149.26,212.61,Animal Products
Georgia,Wheat and Wheat Products,163.43,31.17,Non-Animal Products
Georgia,Rice,2.64,3.38,Non-Animal Products
Georgia,Soybeans,0.0,0.0,Non-Animal Products
Georgia,Nuts inc. Peanut Butter,2.47,4.37,Non-Animal Products
Grenada,Pork,11.52,40.78,Animal Products
Grenada,Poultry,43.51,46.74,Animal Products
Grenada,Beef,3.46,106.77,Animal Products
Grenada,Lamb & Goat,1.25,43.77,Animal Products
Grenada,Fish,27.95,44.63,Animal Products
Grenada,Eggs,10.34,9.5,Animal Products
Grenada,Milk - inc. cheese,86.88,123.75,Animal Products
Grenada,Wheat and Wheat Products,59.59,11.36,Non-Animal Products
Grenada,Rice,9.56,12.23,Non-Animal Products
Grenada,Soybeans,0.01,0.0,Non-Animal Products
Grenada,Nuts inc. Peanut Butter,0.18,0.32,Non-Animal Products
El Salvador,Pork,3.23,11.43,Animal Products
El Salvador,Poultry,19.84,21.31,Animal Products
El Salvador,Beef,5.95,183.6,Animal Products
El Salvador,Lamb & Goat,0.02,0.7,Animal Products
El Salvador,Fish,6.25,9.98,Animal Products
El Salvador,Eggs,9.51,8.739999999999998,Animal Products
El Salvador,Milk - inc. cheese,124.34,177.11,Animal Products
El Salvador,Wheat and Wheat Products,28.19,5.38,Non-Animal Products
El Salvador,Rice,10.53,13.48,Non-Animal Products
El Salvador,Soybeans,0.8,0.36,Non-Animal Products
El Salvador,Nuts inc. Peanut Butter,1.1,1.95,Non-Animal Products
Cuba,Pork,19.82,70.14999999999999,Animal Products
Cuba,Poultry,20.15,21.65,Animal Products
Cuba,Beef,6.39,197.18,Animal Products
Cuba,Lamb & Goat,1.24,43.42,Animal Products
Cuba,Fish,4.76,7.6,Animal Products
Cuba,Eggs,9.82,9.02,Animal Products
Cuba,Milk - inc. cheese,99.94,142.35000000000002,Animal Products
Cuba,Wheat and Wheat Products,54.620000000000005,10.42,Non-Animal Products
Cuba,Rice,67.7,86.64,Non-Animal Products
Cuba,Soybeans,6.34,2.85,Non-Animal Products
Cuba,Nuts inc. Peanut Butter,0.23,0.41,Non-Animal Products
China,Pork,38.43,136.02,Animal Products
China,Poultry,13.2,14.18,Animal Products
China,Beef,5.119999999999999,157.99,Animal Products
China,Lamb & Goat,3.13,109.61,Animal Products
China,Fish,21.01,33.55,Animal Products
China,Eggs,18.76,17.23,Animal Products
China,Milk - inc. cheese,32.660000000000004,46.52,Animal Products
China,Wheat and Wheat Products,63.36,12.08,Non-Animal Products
China,Rice,78.17999999999999,100.05,Non-Animal Products
China,Soybeans,3.66,1.65,Non-Animal Products
China,Nuts inc. Peanut Butter,6.39,11.31,Non-Animal Products
Honduras,Pork,6.48,22.94,Animal Products
Honduras,Poultry,20.29,21.8,Animal Products
Honduras,Beef,7.19,221.87,Animal Products
Honduras,Lamb & Goat,0.04,1.4,Animal Products
Honduras,Fish,2.7,4.31,Animal Products
Honduras,Eggs,5.19,4.7700000000000005,Animal Products
Honduras,Milk - inc. cheese,91.33,130.09,Animal Products
Honduras,Wheat and Wheat Products,37.36,7.119999999999999,Non-Animal Products
Honduras,Rice,14.42,18.45,Non-Animal Products
Honduras,Soybeans,0.01,0.0,Non-Animal Products
Honduras,Nuts inc. Peanut Butter,0.75,1.33,Non-Animal Products
Taiwan. ROC,Pork,39.37,139.35000000000002,Animal Products
Taiwan. ROC,Poultry,32.13,34.51,Animal Products
Taiwan. ROC,Beef,5.21,160.76999999999998,Animal Products
Taiwan. ROC,Lamb & Goat,0.92,32.220000000000006,Animal Products
Taiwan. ROC,Fish,18.29,29.2,Animal Products
Taiwan. ROC,Eggs,13.08,12.02,Animal Products
Taiwan. ROC,Milk - inc. cheese,41.720000000000006,59.43,Animal Products
Taiwan. ROC,Wheat and Wheat Products,50.92,9.71,Non-Animal Products
Taiwan. ROC,Rice,45.85,58.67,Non-Animal Products
Taiwan. ROC,Soybeans,16.95,7.63,Non-Animal Products
Taiwan. ROC,Nuts inc. Peanut Butter,9.06,16.04,Non-Animal Products
Angola,Pork,8.89,31.47,Animal Products
Angola,Poultry,17.330000000000002,18.62,Animal Products
Angola,Beef,8.42,259.82,Animal Products
Angola,Lamb & Goat,1.08,37.82,Animal Products
Angola,Fish,15.239999999999998,24.33,Animal Products
Angola,Eggs,1.11,1.02,Animal Products
Angola,Milk - inc. cheese,12.3,17.52,Animal Products
Angola,Wheat and Wheat Products,40.720000000000006,7.77,Non-Animal Products
Angola,Rice,8.12,10.39,Non-Animal Products
Angola,Soybeans,0.52,0.23,Non-Animal Products
Angola,Nuts inc. Peanut Butter,2.26,4.0,Non-Animal Products
Jamaica,Pork,3.99,14.12,Animal Products
Jamaica,Poultry,52.51,56.41,Animal Products
Jamaica,Beef,3.97,122.51,Animal Products
Jamaica,Lamb & Goat,1.26,44.13,Animal Products
Jamaica,Fish,21.95,35.05,Animal Products
Jamaica,Eggs,2.27,2.09,Animal Products
Jamaica,Milk - inc. cheese,91.13,129.81,Animal Products
Jamaica,Wheat and Wheat Products,70.66999999999999,13.48,Non-Animal Products
Jamaica,Rice,23.45,30.01,Non-Animal Products
Jamaica,Soybeans,0.0,0.0,Non-Animal Products
Jamaica,Nuts inc. Peanut Butter,1.82,3.22,Non-Animal Products
Namibia,Pork,4.21,14.9,Animal Products
Namibia,Poultry,12.19,13.09,Animal Products
Namibia,Beef,3.75,115.72,Animal Products
Namibia,Lamb & Goat,2.27,79.5,Animal Products
Namibia,Fish,10.7,17.08,Animal Products
Namibia,Eggs,1.63,1.5,Animal Products
Namibia,Milk - inc. cheese,73.05,104.05,Animal Products
Namibia,Wheat and Wheat Products,36.260000000000005,6.91,Non-Animal Products
Namibia,Rice,6.31,8.07,Non-Animal Products
Namibia,Soybeans,0.07,0.03,Non-Animal Products
Namibia,Nuts inc. Peanut Butter,0.71,1.26,Non-Animal Products
Belize,Pork,16.8,59.46,Animal Products
Belize,Poultry,28.31,30.41,Animal Products
Belize,Beef,4.859999999999999,149.97,Animal Products
Belize,Lamb & Goat,0.14,4.9,Animal Products
Belize,Fish,7.57,12.09,Animal Products
Belize,Eggs,4.85,4.46,Animal Products
Belize,Milk - inc. cheese,80.3,114.38,Animal Products
Belize,Wheat and Wheat Products,54.06,10.31,Non-Animal Products
Belize,Rice,28.42,36.37,Non-Animal Products
Belize,Soybeans,1.88,0.8500000000000001,Non-Animal Products
Belize,Nuts inc. Peanut Butter,5.58,9.88,Non-Animal Products
Malaysia,Pork,7.76,27.47,Animal Products
Malaysia,Poultry,41.01,44.05,Animal Products
Malaysia,Beef,6.52,201.19,Animal Products
Malaysia,Lamb & Goat,0.94,32.92,Animal Products
Malaysia,Fish,49.43,78.92,Animal Products
Malaysia,Eggs,16.57,15.22,Animal Products
Malaysia,Milk - inc. cheese,25.28,36.01,Animal Products
Malaysia,Wheat and Wheat Products,51.04,9.73,Non-Animal Products
Malaysia,Rice,81.25,103.98,Non-Animal Products
Malaysia,Soybeans,0.04,0.02,Non-Animal Products
Malaysia,Nuts inc. Peanut Butter,2.9,5.13,Non-Animal Products
Zimbabwe,Pork,2.65,9.38,Animal Products
Zimbabwe,Poultry,4.970000000000001,5.34,Animal Products
Zimbabwe,Beef,7.37,227.42,Animal Products
Zimbabwe,Lamb & Goat,0.96,33.620000000000005,Animal Products
Zimbabwe,Fish,2.8,4.470000000000001,Animal Products
Zimbabwe,Eggs,1.75,1.61,Animal Products
Zimbabwe,Milk - inc. cheese,31.9,45.44,Animal Products
Zimbabwe,Wheat and Wheat Products,31.31,5.970000000000001,Non-Animal Products
Zimbabwe,Rice,10.09,12.91,Non-Animal Products
Zimbabwe,Soybeans,0.54,0.24,Non-Animal Products
Zimbabwe,Nuts inc. Peanut Butter,2.22,3.93,Non-Animal Products
Guatemala,Pork,4.85,17.17,Animal Products
Guatemala,Poultry,16.45,17.67,Animal Products
Guatemala,Beef,5.6,172.8,Animal Products
Guatemala,Lamb & Goat,0.23,8.05,Animal Products
Guatemala,Fish,1.08,1.72,Animal Products
Guatemala,Eggs,14.61,13.42,Animal Products
Guatemala,Milk - inc. cheese,46.6,66.38,Animal Products
Guatemala,Wheat and Wheat Products,35.9,6.85,Non-Animal Products
Guatemala,Rice,5.659999999999999,7.24,Non-Animal Products
Guatemala,Soybeans,0.32,0.14,Non-Animal Products
Guatemala,Nuts inc. Peanut Butter,2.0,3.54,Non-Animal Products
Uganda,Pork,3.37,11.93,Animal Products
Uganda,Poultry,1.51,1.62,Animal Products
Uganda,Beef,5.15,158.92000000000002,Animal Products
Uganda,Lamb & Goat,1.25,43.77,Animal Products
Uganda,Fish,12.5,19.96,Animal Products
Uganda,Eggs,0.97,0.89,Animal Products
Uganda,Milk - inc. cheese,37.27,53.09,Animal Products
Uganda,Wheat and Wheat Products,10.14,1.93,Non-Animal Products
Uganda,Rice,4.64,5.94,Non-Animal Products
Uganda,Soybeans,0.01,0.0,Non-Animal Products
Uganda,Nuts inc. Peanut Butter,3.77,6.67,Non-Animal Products
Nepal,Pork,0.6699999999999999,2.37,Animal Products
Nepal,Poultry,1.56,1.6800000000000002,Animal Products
Nepal,Beef,7.89,243.47,Animal Products
Nepal,Lamb & Goat,2.1,73.54,Animal Products
Nepal,Fish,2.17,3.46,Animal Products
Nepal,Eggs,1.42,1.3,Animal Products
Nepal,Milk - inc. cheese,52.1,74.21000000000001,Animal Products
Nepal,Wheat and Wheat Products,50.46,9.62,Non-Animal Products
Nepal,Rice,87.75,112.29,Non-Animal Products
Nepal,Soybeans,0.01,0.0,Non-Animal Products
Nepal,Nuts inc. Peanut Butter,2.42,4.28,Non-Animal Products
Iran,Pork,0.0,0.0,Animal Products
Iran,Poultry,25.38,27.26,Animal Products
Iran,Beef,3.58,110.47,Animal Products
Iran,Lamb & Goat,3.69,129.22,Animal Products
Iran,Fish,9.8,15.65,Animal Products
Iran,Eggs,7.7,7.07,Animal Products
Iran,Milk - inc. cheese,46.690000000000005,66.51,Animal Products
Iran,Wheat and Wheat Products,153.31,29.24,Non-Animal Products
Iran,Rice,29.95,38.33,Non-Animal Products
Iran,Soybeans,0.0,0.0,Non-Animal Products
Iran,Nuts inc. Peanut Butter,12.16,21.52,Non-Animal Products
Tanzania,Pork,0.32,1.13,Animal Products
Tanzania,Poultry,1.84,1.98,Animal Products
Tanzania,Beef,6.09,187.92,Animal Products
Tanzania,Lamb & Goat,1.28,44.83,Animal Products
Tanzania,Fish,5.5,8.78,Animal Products
Tanzania,Eggs,0.58,0.53,Animal Products
Tanzania,Milk - inc. cheese,40.290000000000006,57.39,Animal Products
Tanzania,Wheat and Wheat Products,15.94,3.04,Non-Animal Products
Tanzania,Rice,21.01,26.89,Non-Animal Products
Tanzania,Soybeans,0.04,0.02,Non-Animal Products
Tanzania,Nuts inc. Peanut Butter,5.94,10.51,Non-Animal Products
Senegal,Pork,0.94,3.33,Animal Products
Senegal,Poultry,4.619999999999999,4.96,Animal Products
Senegal,Beef,5.85,180.52,Animal Products
Senegal,Lamb & Goat,3.19,111.71,Animal Products
Senegal,Fish,22.94,36.63,Animal Products
Senegal,Eggs,1.63,1.5,Animal Products
Senegal,Milk - inc. cheese,16.86,24.02,Animal Products
Senegal,Wheat and Wheat Products,37.32,7.119999999999999,Non-Animal Products
Senegal,Rice,72.29,92.51,Non-Animal Products
Senegal,Soybeans,0.0,0.0,Non-Animal Products
Senegal,Nuts inc. Peanut Butter,4.03,7.13,Non-Animal Products
Peru,Pork,3.85,13.63,Animal Products
Peru,Poultry,11.72,12.59,Animal Products
Peru,Beef,4.69,144.72,Animal Products
Peru,Lamb & Goat,1.0,35.02,Animal Products
Peru,Fish,15.739999999999998,25.130000000000003,Animal Products
Peru,Eggs,8.76,8.05,Animal Products
Peru,Milk - inc. cheese,62.15,88.53,Animal Products
Peru,Wheat and Wheat Products,56.120000000000005,10.7,Non-Animal Products
Peru,Rice,48.92,62.6,Non-Animal Products
Peru,Soybeans,1.59,0.72,Non-Animal Products
Peru,Nuts inc. Peanut Butter,0.65,1.15,Non-Animal Products
Nicaragua,Pork,3.38,11.96,Animal Products
Nicaragua,Poultry,21.31,22.89,Animal Products
Nicaragua,Beef,4.73,145.96,Animal Products
Nicaragua,Lamb & Goat,0.01,0.35,Animal Products
Nicaragua,Fish,3.59,5.73,Animal Products
Nicaragua,Eggs,4.9,4.5,Animal Products
Nicaragua,Milk - inc. cheese,85.16,121.3,Animal Products
Nicaragua,Wheat and Wheat Products,28.17,5.37,Non-Animal Products
Nicaragua,Rice,43.33,55.45,Non-Animal Products
Nicaragua,Soybeans,0.01,0.0,Non-Animal Products
Nicaragua,Nuts inc. Peanut Butter,2.36,4.18,Non-Animal Products
Vietnam,Pork,35.0,123.88,Animal Products
Vietnam,Poultry,12.36,13.28,Animal Products
Vietnam,Beef,7.44,229.58,Animal Products
Vietnam,Lamb & Goat,0.14,4.9,Animal Products
Vietnam,Fish,26.52,42.34,Animal Products
Vietnam,Eggs,3.84,3.53,Animal Products
Vietnam,Milk - inc. cheese,16.36,23.3,Animal Products
Vietnam,Wheat and Wheat Products,10.49,2.0,Non-Animal Products
Vietnam,Rice,144.56,184.99,Non-Animal Products
Vietnam,Soybeans,5.75,2.59,Non-Animal Products
Vietnam,Nuts inc. Peanut Butter,6.28,11.12,Non-Animal Products
Ethiopia,Pork,0.02,0.07,Animal Products
Ethiopia,Poultry,0.6599999999999999,0.71,Animal Products
Ethiopia,Beef,3.61,111.4,Animal Products
Ethiopia,Lamb & Goat,1.57,54.98,Animal Products
Ethiopia,Fish,0.24,0.38,Animal Products
Ethiopia,Eggs,0.36,0.3299999999999999,Animal Products
Ethiopia,Milk - inc. cheese,44.14,62.87,Animal Products
Ethiopia,Wheat and Wheat Products,31.26,5.96,Non-Animal Products
Ethiopia,Rice,2.25,2.88,Non-Animal Products
Ethiopia,Soybeans,0.45,0.2,Non-Animal Products
Ethiopia,Nuts inc. Peanut Butter,1.21,2.14,Non-Animal Products
Myanmar,Pork,11.31,40.03,Animal Products
Myanmar,Poultry,21.87,23.49,Animal Products
Myanmar,Beef,4.94,152.44,Animal Products
Myanmar,Lamb & Goat,0.89,31.17,Animal Products
Myanmar,Fish,54.260000000000005,86.64,Animal Products
Myanmar,Eggs,6.45,5.92,Animal Products
Myanmar,Milk - inc. cheese,31.48,44.84,Animal Products
Myanmar,Wheat and Wheat Products,6.22,1.1900000000000002,Non-Animal Products
Myanmar,Rice,132.8,169.94,Non-Animal Products
Myanmar,Soybeans,0.38,0.17,Non-Animal Products
Myanmar,Nuts inc. Peanut Butter,4.5,7.970000000000001,Non-Animal Products
Congo,Pork,2.39,8.46,Animal Products
Congo,Poultry,13.02,13.99,Animal Products
Congo,Beef,4.35,134.23,Animal Products
Congo,Lamb & Goat,0.4,14.01,Animal Products
Congo,Fish,26.22,41.86,Animal Products
Congo,Eggs,0.6,0.55,Animal Products
Congo,Milk - inc. cheese,10.69,15.23,Animal Products
Congo,Wheat and Wheat Products,40.07,7.64,Non-Animal Products
Congo,Rice,16.51,21.130000000000003,Non-Animal Products
Congo,Soybeans,0.0,0.0,Non-Animal Products
Congo,Nuts inc. Peanut Butter,3.08,5.45,Non-Animal Products
Zambia,Pork,1.66,5.88,Animal Products
Zambia,Poultry,3.29,3.53,Animal Products
Zambia,Beef,4.76,146.88000000000002,Animal Products
Zambia,Lamb & Goat,0.6799999999999999,23.81,Animal Products
Zambia,Fish,6.2,9.9,Animal Products
Zambia,Eggs,3.32,3.05,Animal Products
Zambia,Milk - inc. cheese,9.71,13.83,Animal Products
Zambia,Wheat and Wheat Products,12.1,2.31,Non-Animal Products
Zambia,Rice,3.05,3.9,Non-Animal Products
Zambia,Soybeans,7.3,3.29,Non-Animal Products
Zambia,Nuts inc. Peanut Butter,5.04,8.92,Non-Animal Products
Cameroon,Pork,1.47,5.2,Animal Products
Cameroon,Poultry,3.29,3.53,Animal Products
Cameroon,Beef,4.17,128.68,Animal Products
Cameroon,Lamb & Goat,1.4,49.03,Animal Products
Cameroon,Fish,14.71,23.49,Animal Products
Cameroon,Eggs,0.4,0.37,Animal Products
Cameroon,Milk - inc. cheese,15.27,21.75,Animal Products
Cameroon,Wheat and Wheat Products,22.6,4.31,Non-Animal Products
Cameroon,Rice,23.85,30.52,Non-Animal Products
Cameroon,Soybeans,0.64,0.29,Non-Animal Products
Cameroon,Nuts inc. Peanut Butter,9.29,16.439999999999998,Non-Animal Products
Madagascar,Pork,2.56,9.06,Animal Products
Madagascar,Poultry,3.14,3.37,Animal Products
Madagascar,Beef,7.51,231.74,Animal Products
Madagascar,Lamb & Goat,0.5700000000000001,19.96,Animal Products
Madagascar,Fish,4.41,7.04,Animal Products
Madagascar,Eggs,0.71,0.65,Animal Products
Madagascar,Milk - inc. cheese,24.84,35.379999999999995,Animal Products
Madagascar,Wheat and Wheat Products,9.01,1.72,Non-Animal Products
Madagascar,Rice,102.53,131.20999999999998,Non-Animal Products
Madagascar,Soybeans,0.0,0.0,Non-Animal Products
Madagascar,Nuts inc. Peanut Butter,0.35,0.62,Non-Animal Products
Malawi,Pork,5.45,19.29,Animal Products
Malawi,Poultry,1.38,1.48,Animal Products
Malawi,Beef,2.35,72.52,Animal Products
Malawi,Lamb & Goat,2.07,72.49000000000001,Animal Products
Malawi,Fish,7.33,11.7,Animal Products
Malawi,Eggs,1.08,0.99,Animal Products
Malawi,Milk - inc. cheese,7.98,11.37,Animal Products
Malawi,Wheat and Wheat Products,11.77,2.24,Non-Animal Products
Malawi,Rice,4.75,6.08,Non-Animal Products
Malawi,Soybeans,1.76,0.7899999999999999,Non-Animal Products
Malawi,Nuts inc. Peanut Butter,5.08,8.99,Non-Animal Products
Guinea,Pork,0.16,0.5700000000000001,Animal Products
Guinea,Poultry,1.83,1.97,Animal Products
Guinea,Beef,6.26,193.17,Animal Products
Guinea,Lamb & Goat,1.6,56.03,Animal Products
Guinea,Fish,9.18,14.66,Animal Products
Guinea,Eggs,1.95,1.79,Animal Products
Guinea,Milk - inc. cheese,20.62,29.37,Animal Products
Guinea,Wheat and Wheat Products,18.55,3.54,Non-Animal Products
Guinea,Rice,97.12,124.28,Non-Animal Products
Guinea,Soybeans,0.0,0.0,Non-Animal Products
Guinea,Nuts inc. Peanut Butter,4.14,7.33,Non-Animal Products
Nigeria,Pork,1.47,5.2,Animal Products
Nigeria,Poultry,1.73,1.86,Animal Products
Nigeria,Beef,2.33,71.9,Animal Products
Nigeria,Lamb & Goat,2.72,95.25,Animal Products
Nigeria,Fish,16.03,25.59,Animal Products
Nigeria,Eggs,3.46,3.18,Animal Products
Nigeria,Milk - inc. cheese,7.91,11.27,Animal Products
Nigeria,Wheat and Wheat Products,20.82,3.97,Non-Animal Products
Nigeria,Rice,28.23,36.13,Non-Animal Products
Nigeria,Soybeans,2.6,1.1700000000000002,Non-Animal Products
Nigeria,Nuts inc. Peanut Butter,6.930000000000001,12.27,Non-Animal Products
Rwanda,Pork,0.76,2.69,Animal Products
Rwanda,Poultry,1.34,1.44,Animal Products
Rwanda,Beef,2.53,78.07,Animal Products
Rwanda,Lamb & Goat,1.93,67.59,Animal Products
Rwanda,Fish,3.88,6.2,Animal Products
Rwanda,Eggs,0.16,0.15,Animal Products
Rwanda,Milk - inc. cheese,7.23,10.3,Animal Products
Rwanda,Wheat and Wheat Products,11.34,2.16,Non-Animal Products
Rwanda,Rice,8.7,11.13,Non-Animal Products
Rwanda,Soybeans,1.93,0.8700000000000001,Non-Animal Products
Rwanda,Nuts inc. Peanut Butter,0.58,1.03,Non-Animal Products
Philippines,Pork,18.4,65.13,Animal Products
Philippines,Poultry,11.91,12.79,Animal Products
Philippines,Beef,4.06,125.28,Animal Products
Philippines,Lamb & Goat,0.56,19.610000000000003,Animal Products
Philippines,Fish,28.51,45.52,Animal Products
Philippines,Eggs,4.02,3.69,Animal Products
Philippines,Milk - inc. cheese,15.66,22.31,Animal Products
Philippines,Wheat and Wheat Products,23.12,4.41,Non-Animal Products
Philippines,Rice,119.44,152.85000000000002,Non-Animal Products
Philippines,Soybeans,0.03,0.01,Non-Animal Products
Philippines,Nuts inc. Peanut Butter,2.08,3.68,Non-Animal Products
Ghana,Pork,1.36,4.81,Animal Products
Ghana,Poultry,8.629999999999999,9.27,Animal Products
Ghana,Beef,1.09,33.64,Animal Products
Ghana,Lamb & Goat,1.74,60.93,Animal Products
Ghana,Fish,26.05,41.59,Animal Products
Ghana,Eggs,1.21,1.11,Animal Products
Ghana,Milk - inc. cheese,9.08,12.93,Animal Products
Ghana,Wheat and Wheat Products,14.45,2.76,Non-Animal Products
Ghana,Rice,32.03,40.99,Non-Animal Products
Ghana,Soybeans,0.01,0.0,Non-Animal Products
Ghana,Nuts inc. Peanut Butter,5.56,9.84,Non-Animal Products
Togo,Pork,1.57,5.56,Animal Products
Togo,Poultry,6.63,7.119999999999999,Animal Products
Togo,Beef,1.53,47.21,Animal Products
Togo,Lamb & Goat,1.58,55.33,Animal Products
Togo,Fish,11.69,18.67,Animal Products
Togo,Eggs,0.8600000000000001,0.7899999999999999,Animal Products
Togo,Milk - inc. cheese,7.96,11.34,Animal Products
Togo,Wheat and Wheat Products,12.91,2.46,Non-Animal Products
Togo,Rice,25.99,33.260000000000005,Non-Animal Products
Togo,Soybeans,0.01,0.0,Non-Animal Products
Togo,Nuts inc. Peanut Butter,3.59,6.35,Non-Animal Products
Gambia,Pork,0.18,0.64,Animal Products
Gambia,Poultry,2.66,2.86,Animal Products
Gambia,Beef,2.16,66.64999999999999,Animal Products
Gambia,Lamb & Goat,0.71,24.86,Animal Products
Gambia,Fish,23.130000000000003,36.93,Animal Products
Gambia,Eggs,0.99,0.91,Animal Products
Gambia,Milk - inc. cheese,45.71,65.11,Animal Products
Gambia,Wheat and Wheat Products,37.91,7.23,Non-Animal Products
Gambia,Rice,61.84,79.14,Non-Animal Products
Gambia,Soybeans,0.0,0.0,Non-Animal Products
Gambia,Nuts inc. Peanut Butter,5.2700000000000005,9.33,Non-Animal Products
India,Pork,0.28,0.99,Animal Products
India,Poultry,1.88,2.02,Animal Products
India,Beef,0.81,24.99,Animal Products
India,Lamb & Goat,0.58,20.31,Animal Products
India,Fish,4.71,7.52,Animal Products
India,Eggs,2.58,2.37,Animal Products
India,Milk - inc. cheese,84.5,120.36,Animal Products
India,Wheat and Wheat Products,60.56,11.55,Non-Animal Products
India,Rice,69.49000000000001,88.93,Non-Animal Products
India,Soybeans,0.39,0.18,Non-Animal Products
India,Nuts inc. Peanut Butter,1.92,3.4,Non-Animal Products
Thailand,Pork,13.0,46.01,Animal Products
Thailand,Poultry,13.69,14.71,Animal Products
Thailand,Beef,2.56,79.0,Animal Products
Thailand,Lamb & Goat,0.05,1.75,Animal Products
Thailand,Fish,19.45,31.06,Animal Products
Thailand,Eggs,12.35,11.34,Animal Products
Thailand,Milk - inc. cheese,29.35,41.81,Animal Products
Thailand,Wheat and Wheat Products,10.93,2.08,Non-Animal Products
Thailand,Rice,114.57,146.62,Non-Animal Products
Thailand,Soybeans,2.13,0.96,Non-Animal Products
Thailand,Nuts inc. Peanut Butter,1.5,2.66,Non-Animal Products
Mozambique,Pork,5.13,18.16,Animal Products
Mozambique,Poultry,1.41,1.51,Animal Products
Mozambique,Beef,1.04,32.09,Animal Products
Mozambique,Lamb & Goat,0.9,31.52,Animal Products
Mozambique,Fish,7.74,12.36,Animal Products
Mozambique,Eggs,1.7,1.56,Animal Products
Mozambique,Milk - inc. cheese,4.79,6.819999999999999,Animal Products
Mozambique,Wheat and Wheat Products,14.65,2.79,Non-Animal Products
Mozambique,Rice,23.41,29.96,Non-Animal Products
Mozambique,Soybeans,0.03,0.01,Non-Animal Products
Mozambique,Nuts inc. Peanut Butter,2.61,4.619999999999999,Non-Animal Products
Cambodia,Pork,6.52,23.08,Animal Products
Cambodia,Poultry,1.84,1.98,Animal Products
Cambodia,Beef,4.85,149.66,Animal Products
Cambodia,Lamb & Goat,0.0,0.0,Animal Products
Cambodia,Fish,39.59,63.21,Animal Products
Cambodia,Eggs,1.37,1.26,Animal Products
Cambodia,Milk - inc. cheese,3.47,4.94,Animal Products
Cambodia,Wheat and Wheat Products,2.74,0.52,Non-Animal Products
Cambodia,Rice,159.1,203.6,Non-Animal Products
Cambodia,Soybeans,4.33,1.95,Non-Animal Products
Cambodia,Nuts inc. Peanut Butter,1.25,2.21,Non-Animal Products
Sierra Leone,Pork,1.22,4.319999999999999,Animal Products
Sierra Leone,Poultry,4.970000000000001,5.34,Animal Products
Sierra Leone,Beef,1.99,61.41,Animal Products
Sierra Leone,Lamb & Goat,0.65,22.76,Animal Products
Sierra Leone,Fish,32.03,51.14,Animal Products
Sierra Leone,Eggs,1.92,1.76,Animal Products
Sierra Leone,Milk - inc. cheese,7.0,9.97,Animal Products
Sierra Leone,Wheat and Wheat Products,8.719999999999999,1.66,Non-Animal Products
Sierra Leone,Rice,103.3,132.19,Non-Animal Products
Sierra Leone,Soybeans,0.0,0.0,Non-Animal Products
Sierra Leone,Nuts inc. Peanut Butter,5.57,9.86,Non-Animal Products
Sri Lanka,Pork,0.05,0.18,Animal Products
Sri Lanka,Poultry,4.96,5.33,Animal Products
Sri Lanka,Beef,1.38,42.58,Animal Products
Sri Lanka,Lamb & Goat,0.09,3.15,Animal Products
Sri Lanka,Fish,24.92,39.790000000000006,Animal Products
Sri Lanka,Eggs,4.57,4.2,Animal Products
Sri Lanka,Milk - inc. cheese,34.98,49.83,Animal Products
Sri Lanka,Wheat and Wheat Products,37.01,7.06,Non-Animal Products
Sri Lanka,Rice,109.72,140.41,Non-Animal Products
Sri Lanka,Soybeans,0.0,0.0,Non-Animal Products
Sri Lanka,Nuts inc. Peanut Butter,1.09,1.93,Non-Animal Products
Indonesia,Pork,2.98,10.55,Animal Products
Indonesia,Poultry,7.5,8.06,Animal Products
Indonesia,Beef,2.59,79.92,Animal Products
Indonesia,Lamb & Goat,0.46,16.110000000000003,Animal Products
Indonesia,Fish,25.65,40.95,Animal Products
Indonesia,Eggs,4.88,4.48,Animal Products
Indonesia,Milk - inc. cheese,14.82,21.110000000000003,Animal Products
Indonesia,Wheat and Wheat Products,25.45,4.85,Non-Animal Products
Indonesia,Rice,134.62,172.26999999999998,Non-Animal Products
Indonesia,Soybeans,1.12,0.5,Non-Animal Products
Indonesia,Nuts inc. Peanut Butter,4.92,8.709999999999999,Non-Animal Products
Liberia,Pork,4.01,14.19,Animal Products
Liberia,Poultry,8.91,9.57,Animal Products
Liberia,Beef,0.7799999999999999,24.07,Animal Products
Liberia,Lamb & Goat,0.48,16.810000000000002,Animal Products
Liberia,Fish,4.13,6.59,Animal Products
Liberia,Eggs,2.05,1.88,Animal Products
Liberia,Milk - inc. cheese,3.04,4.33,Animal Products
Liberia,Wheat and Wheat Products,10.95,2.09,Non-Animal Products
Liberia,Rice,94.75,121.25,Non-Animal Products
Liberia,Soybeans,0.63,0.28,Non-Animal Products
Liberia,Nuts inc. Peanut Butter,1.31,2.32,Non-Animal Products
Bangladesh,Pork,0.0,0.0,Animal Products
Bangladesh,Poultry,1.4,1.5,Animal Products
Bangladesh,Beef,1.28,39.5,Animal Products
Bangladesh,Lamb & Goat,1.33,46.58,Animal Products
Bangladesh,Fish,18.07,28.85,Animal Products
Bangladesh,Eggs,2.08,1.91,Animal Products
Bangladesh,Milk - inc. cheese,21.91,31.21,Animal Products
Bangladesh,Wheat and Wheat Products,17.47,3.33,Non-Animal Products
Bangladesh,Rice,171.73,219.76,Non-Animal Products
Bangladesh,Soybeans,0.61,0.27,Non-Animal Products
Bangladesh,Nuts inc. Peanut Butter,0.72,1.27,Non-Animal Products
